"filename", "language", "JavaScript", "HTML", "Markdown", "PostCSS", "JSON", "comment", "blank", "total"
"d:\深渊回廊\主样式.css", "PostCSS", 0, 0, 0, 264, 0, 32, 35, 331
"d:\深渊回廊\主界面.html", "HTML", 0, 4, 0, 0, 0, 0, 0, 4
"d:\深渊回廊\主程序.js", "JavaScript", 311, 0, 0, 0, 0, -10, 9, 310
"d:\深渊回廊\其他\更新日志(弃用.md", "Markdown", 0, 0, 2, 0, 0, 0, 0, 2
"d:\深渊回廊\我的存档\深渊回廊_存档_666_2026-08-19_14-33.json", "JSON", 0, 0, 0, 0, -350, 0, 0, -350
"d:\深渊回廊\我的存档\深渊回廊_存档_冒险者的存档_2026-08-19_15-08.json", "JSON", 0, 0, 0, 0, -351, 0, 0, -351
"d:\深渊回廊\测试\公共.js", "JavaScript", 182, 0, 0, 0, 0, 20, 17, 219
"d:\深渊回廊\测试\商品测试.js", "JavaScript", -571, 0, 0, 0, 0, -41, -30, -642
"d:\深渊回廊\测试\增益测试.js", "JavaScript", -513, 0, 0, 0, 0, -14, -21, -548
"d:\深渊回廊\测试\多存档测试.js", "JavaScript", 83, 0, 0, 0, 0, 15, 16, 114
"d:\深渊回廊\测试\怪物测试.js", "JavaScript", 75, 0, 0, 0, 0, 17, 13, 105
"d:\深渊回廊\测试\测试面板.html", "HTML", 0, 36, 0, 0, 0, 0, 0, 36
"d:\深渊回廊\测试\移动端适配测试.js", "JavaScript", 79, 0, 0, 0, 0, 13, 15, 107
"d:\深渊回廊\测试\经典测试.js", "JavaScript", -402, 0, 0, 0, 0, -23, -5, -430
"d:\深渊回廊\测试\自定义难度测试.js", "JavaScript", 49, 0, 0, 0, 0, 13, 9, 71
"d:\深渊回廊\测试\英雄多样性测试.js", "JavaScript", 130, 0, 0, 0, 0, 14, 11, 155
"d:\深渊回廊\测试\诅咒测试.js", "JavaScript", -171, 0, 0, 0, 0, -10, -16, -197
"d:\深渊回廊\测试\试炼商店同步测试.js", "JavaScript", 79, 0, 0, 0, 0, 12, 15, 106
"d:\深渊回廊\测试\试炼测试.js", "JavaScript", -577, 0, 0, 0, 0, -25, -25, -627
"d:\深渊回廊\测试\遗物测试.js", "JavaScript", -494, 0, 0, 0, 0, -52, -26, -572
"d:\深渊回廊\测试\随机事件测试.js", "JavaScript", -394, 0, 0, 0, 0, -4, -6, -404
"d:\深渊回廊\试炼程序.js", "JavaScript", 77, 0, 0, 0, 0, 14, 31, 122
"Total", "-", -2057, 40, 2, 264, -701, -29, 42, -2439