"filename", "language", "JavaScript", "HTML", "Markdown", "PostCSS", "comment", "blank", "total"
"d:\深渊回廊\index.html", "HTML", 0, 12, 0, 0, 0, 0, 12
"d:\深渊回廊\主样式.css", "PostCSS", 0, 0, 0, 4316, 263, 644, 5223
"d:\深渊回廊\主界面.html", "HTML", 0, 576, 0, 0, 37, 25, 638
"d:\深渊回廊\主程序.js", "JavaScript", 7786, 0, 0, 0, 490, 667, 8943
"d:\深渊回廊\其他\开始界面样式预览.html", "HTML", 0, 332, 0, 0, 11, 46, 389
"d:\深渊回廊\其他\更新日志(弃用.md", "Markdown", 0, 0, 174, 0, 0, 23, 197
"d:\深渊回廊\其他\经典模式样式预览.html", "HTML", 0, 1272, 0, 0, 48, 82, 1402
"d:\深渊回廊\其他\试炼模式样式预览.html", "HTML", 0, 988, 0, 0, 6, 100, 1094
"d:\深渊回廊\测试\公共.js", "JavaScript", 182, 0, 0, 0, 20, 17, 219
"d:\深渊回廊\测试\商品测试.js", "JavaScript", 103, 0, 0, 0, 19, 14, 136
"d:\深渊回廊\测试\增益测试.js", "JavaScript", 58, 0, 0, 0, 11, 10, 79
"d:\深渊回廊\测试\多存档测试.js", "JavaScript", 83, 0, 0, 0, 15, 16, 114
"d:\深渊回廊\测试\怪物测试.js", "JavaScript", 75, 0, 0, 0, 17, 13, 105
"d:\深渊回廊\测试\测试面板.html", "HTML", 0, 380, 0, 0, 1, 20, 401
"d:\深渊回廊\测试\移动端适配测试.js", "JavaScript", 79, 0, 0, 0, 13, 15, 107
"d:\深渊回廊\测试\经典测试.js", "JavaScript", 157, 0, 0, 0, 14, 26, 197
"d:\深渊回廊\测试\自定义难度测试.js", "JavaScript", 49, 0, 0, 0, 13, 9, 71
"d:\深渊回廊\测试\英雄多样性测试.js", "JavaScript", 130, 0, 0, 0, 14, 11, 155
"d:\深渊回廊\测试\诅咒测试.js", "JavaScript", 147, 0, 0, 0, 6, 11, 164
"d:\深渊回廊\测试\试炼商店同步测试.js", "JavaScript", 79, 0, 0, 0, 12, 15, 106
"d:\深渊回廊\测试\试炼测试.js", "JavaScript", 72, 0, 0, 0, 16, 19, 107
"d:\深渊回廊\测试\遗物测试.js", "JavaScript", 161, 0, 0, 0, 9, 21, 191
"d:\深渊回廊\测试\随机事件测试.js", "JavaScript", 189, 0, 0, 0, 25, 23, 237
"d:\深渊回廊\试炼程序.js", "JavaScript", 1469, 0, 0, 0, 62, 104, 1635
"Total", "-", 10819, 3560, 174, 4316, 1122, 1931, 21922